Date,Age,Tm,Opp,W/L,MP,FG,FGA,FG%,3P,3PA,3P%,FT,FTA,FT%,ORB,DRB,TRB,AST,STL,BLK,TOV,PF,PTS,+/-
2018-10-17,20-097,LAC,DEN,L (-9),28:12,5,6,0.833,0,0,,1,1,1.0,0,2,2,4,1,1,3,1,11,0
2018-10-19,20-099,LAC,OKC,W (+16),23:16,0,2,0.0,0,1,0.0,2,2,1.0,0,3,3,4,0,0,2,2,2,12
2018-10-21,20-101,LAC,HOU,W (+3),25:35,4,8,0.5,0,1,0.0,4,4,1.0,1,4,5,4,1,0,2,0,12,21
2018-10-23,20-103,LAC,NOP,L (-7),22:11,3,8,0.375,1,1,1.0,2,2,1.0,2,2,4,2,1,1,3,4,9,-11
2018-10-26,20-106,LAC,HOU,W (+20),31:09,3,7,0.429,1,1,1.0,3,4,0.75,0,1,1,1,2,0,0,1,10,13
2018-10-28,20-108,LAC,WAS,W (+32),28:22,4,8,0.5,1,1,1.0,1,2,0.5,2,6,8,7,2,0,1,4,10,24
2018-10-30,20-110,LAC,OKC,L (-18),22:40,2,4,0.5,0,1,0.0,1,1,1.0,0,0,0,3,0,1,2,0,5,-10
2018-11-01,20-112,LAC,PHI,L (-9),17:31,3,8,0.375,0,0,,1,1,1.0,0,2,2,2,0,1,1,2,7,-18
2018-11-02,20-113,LAC,ORL,W (+25),24:47,2,6,0.333,0,2,0.0,4,4,1.0,0,1,1,1,1,0,3,3,8,22
2018-11-05,20-116,LAC,MIN,W (+11),24:33,2,6,0.333,0,1,0.0,2,2,1.0,2,1,3,5,1,1,2,2,6,7
2018-11-08,20-119,LAC,POR,L (-11),35:21,7,12,0.583,2,2,1.0,3,6,0.5,1,2,3,2,0,1,1,3,19,-16
2018-11-10,20-121,LAC,MIL,W (+2),39:51,5,13,0.385,2,3,0.667,4,4,1.0,1,5,6,4,1,3,2,3,16,6
2018-11-12,20-123,LAC,GSW,W (+5),38:27,8,11,0.727,0,3,0.0,2,2,1.0,0,5,5,3,2,1,4,1,18,-3
2018-11-15,20-126,LAC,SAS,W (+5),27:05,4,9,0.444,0,2,0.0,1,2,0.5,2,3,5,0,0,0,2,4,9,3
2018-11-17,20-128,LAC,BRK,W (+8),20:01,2,9,0.222,0,1,0.0,0,0,,0,2,2,2,0,0,1,5,4,-10
2018-11-19,20-130,LAC,ATL,W (+8),29:09,5,9,0.556,0,2,0.0,6,8,0.75,2,0,2,1,1,1,3,1,16,-7
2018-11-20,20-131,LAC,WAS,L (-7),28:54,6,11,0.545,1,4,0.25,4,5,0.8,1,2,3,3,3,1,2,0,17,5
2018-11-23,20-134,LAC,MEM,W (+5),29:05,4,14,0.286,0,2,0.0,0,0,,1,1,2,5,1,0,1,1,8,-10
2018-11-25,20-136,LAC,POR,W (+4),29:37,4,9,0.444,0,1,0.0,4,5,0.8,0,4,4,2,1,1,2,1,12,13
2018-11-28,20-139,LAC,PHO,W (+16),28:55,5,11,0.455,2,2,1.0,1,2,0.5,3,4,7,6,1,1,4,0,13,24
2018-11-29,20-140,LAC,SAC,W (+12),32:28,6,9,0.667,1,1,1.0,4,5,0.8,1,4,5,4,2,2,0,3,17,20
2018-12-02,20-143,LAC,DAL,L (-4),24:17,2,5,0.4,0,1,0.0,4,4,1.0,0,1,1,0,1,1,1,1,8,-13
2018-12-03,20-144,LAC,NOP,W (+3),23:16,3,5,0.6,1,2,0.5,0,0,,1,1,2,2,0,0,1,0,7,-1
2018-12-05,20-146,LAC,MEM,L (-10),28:40,4,9,0.444,1,1,1.0,3,4,0.75,1,3,4,4,3,1,1,1,12,10
2018-12-08,20-149,LAC,MIA,L (-23),19:21,3,9,0.333,0,1,0.0,2,2,1.0,1,2,3,2,1,0,1,3,8,-8
2018-12-10,20-151,LAC,PHO,W (+4),33:35,8,12,0.667,0,0,,0,0,,2,2,4,5,1,1,2,3,16,8
2018-12-11,20-152,LAC,TOR,L (-24),21:55,3,6,0.5,1,2,0.5,0,0,,1,1,2,2,1,0,2,1,7,-29
2018-12-13,20-154,LAC,SAS,L (-38),28:15,6,8,0.75,1,2,0.5,0,0,,1,1,2,2,1,0,3,1,13,-13
2018-12-15,20-156,LAC,OKC,L (-6),21:12,1,4,0.25,0,0,,0,2,0.0,1,1,2,2,1,1,2,0,2,-10
2018-12-17,20-158,LAC,POR,L (-4),37:49,9,15,0.6,2,7,0.286,4,5,0.8,0,2,2,3,0,0,2,3,24,-3
2018-12-20,20-161,LAC,DAL,W (+4),19:12,2,4,0.5,0,0,,0,0,,0,1,1,1,1,0,1,3,4,-19
2018-12-22,20-163,LAC,DEN,W (+21),32:34,6,10,0.6,0,0,,2,2,1.0,0,2,2,6,2,1,0,2,14,23
2018-12-23,20-164,LAC,GSW,L (-2),27:41,1,3,0.333,1,1,1.0,0,0,,0,0,0,2,0,1,2,2,3,-15
2018-12-26,20-167,LAC,SAC,W (+9),26:09,6,11,0.545,1,2,0.5,0,0,,1,3,4,1,0,0,0,2,13,-10
2018-12-28,20-169,LAC,LAL,W (+11),17:23,2,8,0.25,1,2,0.5,2,2,1.0,0,1,1,0,1,0,1,3,7,-1
2018-12-29,20-170,LAC,SAS,L (-11),20:54,2,3,0.667,1,1,1.0,0,0,,0,2,2,1,0,0,1,3,5,-4
2019-01-01,20-173,LAC,PHI,L (-6),20:07,4,7,0.571,0,1,0.0,0,0,,1,1,2,5,2,0,2,5,8,-6
2019-01-04,20-176,LAC,PHO,W (+10),18:31,1,6,0.167,0,2,0.0,1,2,0.5,1,2,3,9,2,0,3,2,3,6
2019-01-06,20-178,LAC,ORL,W (+10),23:01,6,7,0.857,1,1,1.0,0,0,,0,2,2,2,1,0,1,2,13,1
2019-01-08,20-180,LAC,CHO,W (+19),21:07,3,6,0.5,0,0,,2,2,1.0,0,3,3,2,3,4,2,2,8,-9
2019-01-10,20-182,LAC,DEN,L (-21),20:26,1,4,0.25,1,2,0.5,0,0,,0,2,2,1,1,0,3,1,3,-21
2019-01-12,20-184,LAC,DET,L (-5),16:52,3,7,0.429,0,1,0.0,1,1,1.0,0,1,1,4,1,0,2,2,7,3
2019-01-14,20-186,LAC,NOP,L (-4),12:59,0,3,0.0,0,1,0.0,0,0,,0,0,0,2,0,1,2,2,0,-13
2019-01-16,20-188,LAC,UTA,L (-20),22:04,4,8,0.5,0,2,0.0,0,0,,0,1,1,2,0,0,4,1,8,-19
2019-01-18,20-190,LAC,GSW,L (-18),42:30,7,17,0.412,0,3,0.0,10,10,1.0,1,2,3,5,3,0,2,2,24,-10
2019-01-20,20-192,LAC,SAS,W (+8),37:40,3,15,0.2,1,2,0.5,0,0,,1,3,4,3,0,0,3,3,7,-4
2019-01-22,20-194,LAC,DAL,L (-8),20:22,4,14,0.286,0,2,0.0,0,0,,0,1,1,1,0,1,0,1,8,5
2019-01-23,20-195,LAC,MIA,W (+12),30:50,5,10,0.5,0,1,0.0,0,0,,0,2,2,3,1,0,1,3,10,1
2019-01-25,20-197,LAC,CHI,W (+5),21:50,2,6,0.333,0,2,0.0,2,3,0.667,0,0,0,5,0,0,2,1,6,-7
2019-01-27,20-199,LAC,SAC,W (+14),31:14,5,9,0.556,0,1,0.0,7,7,1.0,2,2,4,5,2,0,1,3,17,-2
2019-01-28,20-200,LAC,ATL,L (-5),24:27,5,7,0.714,1,2,0.5,0,0,,1,1,2,2,2,0,2,4,11,-6
2019-01-31,20-203,LAC,LAL,L (-3),21:12,4,12,0.333,1,4,0.25,1,2,0.5,0,2,2,3,2,0,0,3,10,-12
2019-02-02,20-205,LAC,DET,W (+10),30:01,4,9,0.444,1,3,0.333,5,8,0.625,1,6,7,5,3,1,2,4,14,9
2019-02-03,20-206,LAC,TOR,L (-18),26:11,9,15,0.6,0,0,,1,2,0.5,1,4,5,3,1,2,1,0,19,-12
2019-02-05,20-208,LAC,CHO,W (+2),17:39,2,8,0.25,0,0,,2,2,1.0,2,0,2,3,0,0,0,0,6,-18
2019-02-07,20-210,LAC,IND,L (-24),26:00,2,4,0.5,0,1,0.0,4,4,1.0,1,0,1,6,0,1,5,4,8,-9
2019-02-09,20-212,LAC,BOS,W (+11),25:49,5,8,0.625,1,2,0.5,3,4,0.75,1,3,4,5,2,1,5,3,14,11
2019-02-11,20-214,LAC,MIN,L (-10),22:00,4,8,0.5,2,3,0.667,0,0,,0,1,1,1,1,0,3,2,10,-17
2019-02-13,20-216,LAC,PHO,W (+27),21:38,4,7,0.571,0,1,0.0,2,4,0.5,1,3,4,3,2,1,1,1,10,20
2019-02-22,20-225,LAC,MEM,W (+6),15:21,1,4,0.25,0,0,,4,4,1.0,0,2,2,4,1,0,3,2,6,-2
2019-02-24,20-227,LAC,DEN,L (-27),29:49,0,9,0.0,0,3,0.0,1,2,0.5,0,1,1,4,2,1,4,2,1,-24
2019-02-25,20-228,LAC,DAL,W (+9),17:25,0,4,0.0,0,3,0.0,0,0,,0,2,2,0,2,0,0,0,0,-8
2019-02-27,20-230,LAC,UTA,L (-6),19:20,6,8,0.75,1,2,0.5,0,0,,0,1,1,1,1,1,0,5,13,-1
2019-03-01,20-232,LAC,SAC,W (+7),32:23,6,13,0.462,3,3,1.0,0,0,,2,4,6,1,1,0,1,4,15,0
2019-03-03,20-234,LAC,NYK,W (+21),29:13,6,9,0.667,2,3,0.667,1,1,1.0,0,3,3,4,1,0,1,3,15,19
2019-03-04,20-235,LAC,LAL,W (+8),24:06,5,9,0.556,1,2,0.5,3,3,1.0,0,1,1,4,0,2,0,1,14,-1
2019-03-08,20-239,LAC,OKC,W (+8),25:37,3,7,0.429,1,2,0.5,2,2,1.0,0,1,1,1,1,0,1,4,9,-4
2019-03-11,20-242,LAC,BOS,W (+25),21:54,4,7,0.571,1,1,1.0,3,3,1.0,2,3,5,3,1,0,4,1,12,1
2019-03-12,20-243,LAC,POR,L (-21),26:56,6,11,0.545,1,1,1.0,2,4,0.5,1,1,2,4,2,0,3,3,15,-12
2019-03-15,20-246,LAC,CHI,W (+7),29:54,7,12,0.583,1,2,0.5,2,4,0.5,1,6,7,7,3,1,1,3,17,18
2019-03-17,20-248,LAC,BRK,W (+3),35:34,5,12,0.417,3,5,0.6,1,2,0.5,0,2,2,10,0,0,2,3,14,18
2019-03-19,20-250,LAC,IND,W (+6),28:35,6,9,0.667,1,2,0.5,4,6,0.667,0,3,3,3,2,0,0,1,17,6
2019-03-22,20-253,LAC,CLE,W (+2),34:32,5,11,0.455,1,1,1.0,5,5,1.0,1,1,2,5,2,0,1,2,16,4
2019-03-24,20-255,LAC,NYK,W (+11),37:44,3,10,0.3,0,4,0.0,4,4,1.0,0,2,2,8,1,1,1,3,10,6
2019-03-26,20-257,LAC,MIN,W (+11),30:46,4,8,0.5,0,1,0.0,2,2,1.0,1,3,4,4,1,0,0,3,10,8
2019-03-28,20-259,LAC,MIL,L (-10),31:46,8,15,0.533,1,2,0.5,4,5,0.8,1,5,6,2,1,2,3,2,21,-16
2019-03-30,20-261,LAC,CLE,W (+24),27:40,9,12,0.75,3,3,1.0,1,2,0.5,1,1,2,8,1,0,1,1,22,7
2019-03-31,20-262,LAC,MEM,W (+17),28:13,2,6,0.333,0,0,,2,2,1.0,1,3,4,3,4,2,2,3,6,9
2019-04-03,20-265,LAC,HOU,L (-32),32:55,8,16,0.5,1,3,0.333,3,5,0.6,2,2,4,4,2,0,3,2,20,-8
2019-04-05,20-267,LAC,LAL,L (-5),37:00,10,19,0.526,0,4,0.0,0,0,,2,6,8,6,1,1,1,3,20,5
2019-04-07,20-269,LAC,GSW,L (-27),29:34,5,10,0.5,0,1,0.0,2,3,0.667,0,1,1,3,1,0,0,0,12,-28
2019-04-10,20-272,LAC,UTA,W (+6),24:06,3,6,0.5,0,0,,2,2,1.0,0,2,2,3,2,0,1,4,8,5
2019-10-23,21-103,OKC,UTA,L (-5),36:46,10,23,.435,3,7,.429,3,6,.500,0,2,2,1,1,0,1,2,26,-12
2019-10-25,21-105,OKC,WAS,L (-12),36:04,10,17,.588,2,4,.500,6,8,.750,0,7,7,4,2,3,2,2,28,-1
2019-10-27,21-107,OKC,GSW,W (+28),29:40,8,14,.571,1,5,.200,2,4,.500,0,9,9,4,0,2,3,1,19,+27
2019-10-28,21-108,OKC,HOU,L (-4),35:55,8,21,.381,2,6,.333,4,4,1.000,3,6,9,4,0,0,0,2,22,+5
2019-10-30,21-110,OKC,POR,L (-3),35:47,3,13,.231,0,2,.000,7,10,.700,3,5,8,3,1,0,4,2,13,-12
2019-11-02,21-113,OKC,NOP,W (+11),35:31,8,14,.571,3,5,.600,4,5,.800,1,7,8,4,0,1,1,0,23,+12
2019-11-05,21-116,OKC,ORL,W (+8),35:56,9,14,.643,3,5,.600,3,4,.750,0,3,3,2,1,1,1,1,24,+14
2019-11-07,21-118,OKC,SAS,L (-9),34:01,9,18,.500,0,1,.000,3,3,1.000,0,1,1,3,0,0,2,1,21,-9
2019-11-09,21-120,OKC,GSW,W (+6),36:33,6,15,.400,0,3,.000,0,0,,1,4,5,3,0,0,3,2,12,-2
2019-11-10,21-121,OKC,MIL,L (-2),36:48,9,19,.474,4,6,.667,0,0,,1,5,6,6,2,0,2,1,22,-8
2019-11-12,21-123,OKC,IND,L (-26),28:13,3,12,.250,1,3,.333,4,4,1.000,3,3,6,0,1,0,3,1,11,-19
2019-11-15,21-126,OKC,PHI,W (+8),40:25,9,19,.474,1,3,.333,5,6,.833,0,2,2,3,2,0,2,2,24,+1
2019-11-18,21-129,OKC,LAC,L (-2),30:37,4,10,.400,1,4,.250,2,2,1.000,0,1,1,0,1,0,5,5,11,0
2019-11-19,21-130,OKC,LAL,L (-5),36:09,5,16,.313,2,6,.333,4,4,1.000,1,4,5,4,1,1,2,0,16,-9
2019-11-22,21-133,OKC,LAL,L (-3),36:05,10,18,.556,2,2,1.000,2,2,1.000,1,6,7,4,1,1,2,1,24,-3
2019-11-25,21-136,OKC,GSW,W (+3),31:30,5,12,.417,0,0,,2,2,1.000,0,5,5,3,2,1,3,3,12,+13
2019-11-27,21-138,OKC,POR,L (-17),29:40,4,10,.400,0,2,.000,3,5,.600,0,2,2,5,0,0,0,4,11,-26
2019-11-29,21-140,OKC,NOP,W (+5),33:15,4,13,.308,1,6,.167,1,2,.500,0,1,1,3,2,0,4,3,10,+3
2019-12-01,21-142,OKC,NOP,W (+3),33:05,5,17,.294,2,8,.250,5,6,.833,1,8,9,2,1,0,2,2,17,+5
2019-12-04,21-145,OKC,IND,L (-7),36:22,7,19,.368,1,7,.143,1,1,1.000,0,3,3,3,1,0,2,1,16,-19
2019-12-06,21-147,OKC,MIN,W (+12),41:32,8,13,.615,1,1,1.000,12,12,1.000,1,4,5,2,1,0,3,2,29,+9
2019-12-08,21-149,OKC,POR,W (+12),38:16,5,14,.357,2,4,.500,9,12,.750,0,9,9,3,1,0,1,2,21,+6
2019-12-09,21-150,OKC,UTA,W (+14),33:28,7,20,.350,2,5,.400,4,6,.667,0,6,6,3,2,0,1,2,20,+5
2019-12-11,21-152,OKC,SAC,L (-1),35:33,4,11,.364,0,1,.000,6,8,.750,0,4,4,4,1,1,3,3,14,-3
2019-12-14,21-155,OKC,DEN,L (-8),37:44,7,13,.538,0,1,.000,2,2,1.000,0,4,4,3,0,0,2,4,16,-5
2019-12-16,21-157,OKC,CHI,W (+3),34:24,1,3,.333,0,1,.000,5,8,.625,0,3,3,2,1,0,5,0,7,-1
2019-12-18,21-159,OKC,MEM,W (+4),38:42,7,16,.438,0,3,.000,6,6,1.000,2,7,9,1,2,2,1,1,20,+14
2019-12-20,21-161,OKC,PHO,W (+18),36:06,13,18,.722,2,2,1.000,4,5,.800,0,4,4,3,1,0,0,2,32,+11
2019-12-22,21-163,OKC,LAC,W (+6),34:29,12,25,.480,2,3,.667,6,6,1.000,0,3,3,5,2,0,2,2,32,+16
2019-12-26,21-167,OKC,MEM,L (-13),37:08,8,19,.421,1,6,.167,4,4,1.000,0,3,3,1,3,0,1,0,21,-9
2019-12-27,21-168,OKC,CHO,W (+2),36:01,10,17,.588,1,1,1.000,6,8,.750,1,3,4,1,2,0,1,1,27,-1
2019-12-29,21-170,OKC,TOR,W (+1),38:47,12,21,.571,3,5,.600,5,6,.833,2,5,7,2,3,0,3,1,32,-6
2019-12-31,21-172,OKC,DAL,W (+5),35:12,6,15,.400,0,2,.000,7,8,.875,2,8,10,3,2,1,0,1,19,+4
2020-01-02,21-174,OKC,SAS,W (+6),36:11,10,18,.556,2,4,.500,3,4,.750,0,7,7,5,1,2,1,1,25,+15
2020-01-04,21-176,OKC,CLE,W (+15),34:25,9,14,.643,0,3,.000,2,2,1.000,0,7,7,0,2,0,2,2,20,+16
2020-01-06,21-178,OKC,PHI,L (-7),36:38,6,13,.462,0,3,.000,2,5,.400,2,7,9,2,0,0,0,1,14,-13
2020-01-07,21-179,OKC,BRK,W (+8),38:37,8,18,.444,0,3,.000,6,6,1.000,2,2,4,2,2,0,4,0,22,+14
2020-01-09,21-181,OKC,HOU,W (+21),30:44,8,15,.533,1,3,.333,3,3,1.000,0,3,3,3,1,0,0,1,20,+28
2020-01-11,21-183,OKC,LAL,L (-15),34:52,8,17,.471,1,4,.250,7,7,1.000,0,8,8,0,1,1,1,0,24,-12
2020-01-13,21-185,OKC,MIN,W (+13),36:26,8,12,.667,2,3,.667,2,2,1.000,2,18,20,10,0,1,2,1,20,+23
2020-01-15,21-187,OKC,TOR,L (-9),37:44,6,10,.600,2,2,1.000,7,7,1.000,0,6,6,6,3,1,3,2,21,-6
2020-01-17,21-189,OKC,MIA,L (-7),37:10,5,13,.385,2,6,.333,6,6,1.000,0,5,5,8,1,0,1,4,18,-10
2020-01-18,21-190,OKC,POR,W (+13),34:34,9,17,.529,0,4,.000,4,6,.667,3,7,10,5,0,0,2,1,22,+10
2020-01-20,21-192,OKC,HOU,W (+5),38:54,5,10,.500,0,1,.000,3,4,.750,0,10,10,1,3,1,1,0,13,+1
2020-01-22,21-194,OKC,ORL,W (+6),37:36,7,10,.700,0,0,,4,5,.800,0,12,12,1,3,3,3,4,18,+9
2020-01-24,21-196,OKC,ATL,W (+29),37:12,7,16,.438,0,2,.000,10,13,.769,1,2,3,6,1,3,3,1,24,+25
2020-01-25,21-197,OKC,MIN,W (+9),34:08,3,14,.214,0,2,.000,5,6,.833,0,7,7,2,1,2,3,3,11,-9
2020-01-27,21-199,OKC,DAL,L (-10),32:13,5,20,.250,3,6,.500,3,4,.750,1,10,11,4,0,1,3,1,16,-6
2020-01-29,21-201,OKC,SAC,W (+20),38:37,6,13,.462,3,5,.600,2,3,.667,0,7,7,7,1,2,2,2,17,+25
2020-01-31,21-203,OKC,PHO,W (+4),34:00,5,16,.313,0,5,.000,2,2,1.000,3,6,9,4,0,1,1,2,12,+19
2020-02-05,21-208,OKC,CLE,W (+6),39:19,9,17,.529,2,5,.400,3,4,.750,0,10,10,3,2,2,2,4,23,-2
2020-02-07,21-210,OKC,DET,W (+7),36:23,7,13,.538,1,3,.333,6,9,.667,2,0,2,1,0,2,1,2,21,+10
2020-02-09,21-212,OKC,BOS,L (-1),33:05,8,12,.667,3,4,.750,5,7,.714,0,6,6,4,0,0,1,1,24,+2
2020-02-11,21-214,OKC,SAS,L (-8),33:04,6,11,.545,2,3,.667,3,4,.750,0,5,5,2,1,0,0,2,17,-1
2020-02-13,21-216,OKC,NOP,W (+5),37:10,6,14,.429,2,6,.333,3,4,.750,0,3,3,7,1,0,0,2,17,+5
2020-02-21,21-224,OKC,DEN,W (+12),38:41,4,14,.286,0,3,.000,3,4,.750,2,7,9,9,0,1,1,3,11,+12
2020-02-23,21-226,OKC,SAS,W (+28),31:45,8,14,.571,1,2,.500,5,5,1.000,2,11,13,4,0,0,3,0,22,+22
2020-02-25,21-228,OKC,CHI,W (+2),33:58,5,11,.455,2,5,.400,9,12,.750,1,10,11,3,1,2,3,1,21,-1
2020-02-27,21-230,OKC,SAC,W (+4),38:00,8,15,.533,1,3,.333,3,6,.500,1,2,3,3,0,1,2,3,20,+5
2020-02-28,21-231,OKC,MIL,L (-47),26:52,5,12,.417,1,3,.333,0,1,.000,0,3,3,2,0,0,2,1,11,-36
2020-03-03,21-235,OKC,LAC,L (-15),33:58,7,12,.583,1,2,.500,0,0,,0,6,6,2,1,3,2,2,15,-22
2020-03-04,21-236,OKC,DET,W (+7),34:32,12,15,.800,2,4,.500,1,1,1.000,0,2,2,3,2,2,1,0,27,+12
2020-03-06,21-238,OKC,NYK,W (+23),21:40,6,10,.600,1,3,.333,5,6,.833,0,3,3,5,2,0,0,4,18,+14
2020-03-08,21-240,OKC,BOS,W (+1),Inactive,Inactive,Inactive,Inactive,Inactive,Inactive,Inactive,Inactive,Inactive,Inactive,Inactive,Inactive,Inactive,Inactive,Inactive,Inactive,Inactive,Inactive,Inactive,Inactive
2020-08-01,22-020,OKC,UTA,W (+16),32:23,6,12,.500,2,5,.400,5,6,.833,0,2,2,6,3,0,2,1,19,+15
2020-08-03,22-022,OKC,DEN,L (-8),38:02,6,13,.462,3,6,.500,9,11,.818,0,5,5,2,0,0,3,5,24,-9
2020-08-05,22-024,OKC,LAL,W (+19),35:30,3,11,.273,1,4,.250,6,6,1.000,1,6,7,5,3,1,2,0,13,+9
2020-08-07,22-026,OKC,MEM,L (-29),34:23,3,13,.231,1,8,.125,3,4,.750,0,3,3,3,1,0,3,0,10,-9
2020-08-09,22-028,OKC,WAS,W (+18),35:56,6,12,.500,0,2,.000,6,8,.750,1,5,6,7,1,0,2,2,18,+8
2020-08-10,22-029,OKC,PHO,L (-27),Inactive,Inactive,Inactive,Inactive,Inactive,Inactive,Inactive,Inactive,Inactive,Inactive,Inactive,Inactive,Inactive,Inactive,Inactive,Inactive,Inactive,Inactive,Inactive,Inactive
2020-08-12,22-031,OKC,MIA,W (+1),24:32,6,9,.667,2,3,.667,4,4,1.000,0,1,1,1,0,1,2,1,18,-23
2020-08-14,22-033,OKC,LAC,L (-4),13:31,6,10,.600,0,1,.000,1,1,1.000,0,4,4,0,1,0,3,0,13,+12
2020-12-26,22-167,OKC,CHO,W (+2),34:22,8,20,.400,1,6,.167,7,10,.700,2,5,7,9,0,1,5,4,24,+14
2020-12-28,22-169,OKC,UTA,L (-1),36:25,9,21,.429,1,7,.143,4,4,1.000,0,3,3,7,1,1,4,3,23,+4
2020-12-29,22-170,OKC,ORL,L (-11),33:20,8,10,.800,3,3,1.000,4,5,.800,0,7,7,7,0,0,5,1,23,-8
2020-12-31,22-172,OKC,NOP,L (-33),28:30,3,10,.300,2,6,.333,0,2,.000,1,3,4,4,2,0,2,2,8,-14
2021-01-02,22-174,OKC,ORL,W (+9),34:46,5,17,.294,2,9,.222,4,5,.800,0,4,4,7,0,1,1,3,16,+1
2021-01-04,22-176,OKC,MIA,L (-28),27:51,7,15,.467,2,6,.333,2,2,1.000,0,2,2,4,0,0,2,2,18,-21
2021-01-06,22-178,OKC,NOP,W (+1),36:30,7,17,.412,2,7,.286,5,6,.833,0,5,5,9,5,0,2,2,21,-4
2021-01-08,22-180,OKC,NYK,W (+12),34:29,9,14,.643,3,3,1.000,4,6,.667,4,6,10,7,0,1,3,2,25,+3
2021-01-10,22-182,OKC,BRK,W (+13),36:01,11,16,.688,2,4,.500,7,8,.875,1,5,6,7,2,1,2,3,31,+1
2021-01-12,22-184,OKC,SAS,L (-10),33:29,7,10,.700,0,0,,6,9,.667,2,7,9,2,0,0,2,2,20,0
2021-01-13,22-185,OKC,LAL,L (-29),27:16,5,12,.417,1,3,.333,6,7,.857,0,2,2,1,0,0,2,1,17,-22
2021-01-15,22-187,OKC,CHI,W (+2),43:31,13,19,.684,3,5,.600,4,4,1.000,0,5,5,10,1,0,1,5,33,+18
2021-01-19,22-191,OKC,DEN,L (-18),27:13,5,11,.455,1,4,.250,3,6,.500,0,5,5,7,0,1,4,0,14,-19
2021-01-22,22-194,OKC,LAC,L (-14),38:37,11,20,.550,2,5,.400,6,6,1.000,0,3,3,8,2,0,3,2,30,-10
2021-01-24,22-196,OKC,LAC,L (-8),36:43,8,16,.500,1,3,.333,6,6,1.000,1,5,6,7,0,0,2,3,23,-10
2021-01-25,22-197,OKC,POR,W (+3),32:24,8,12,.667,3,4,.750,5,10,.500,0,9,9,6,1,2,3,0,24,+1
2021-01-27,22-199,OKC,PHO,W (+5),31:20,6,18,.333,2,7,.286,7,9,.778,1,6,7,8,2,2,4,0,21,0
2021-01-29,22-201,OKC,BRK,L (-22),31:09,7,10,.700,0,1,.000,10,13,.769,1,3,4,5,0,1,4,2,24,-14
2021-02-01,22-204,OKC,HOU,L (-30),28:58,8,15,.533,2,5,.400,1,2,.500,0,2,2,5,1,2,5,1,19,-31
2021-02-03,22-206,OKC,HOU,W (+17),Did Not Dress,Did Not Dress,Did Not Dress,Did Not Dress,Did Not Dress,Did Not Dress,Did Not Dress,Did Not Dress,Did Not Dress,Did Not Dress,Did Not Dress,Did Not Dress,Did Not Dress,Did Not Dress,Did Not Dress,Did Not Dress,Did Not Dress,Did Not Dress,Did Not Dress,Did Not Dress
2021-02-05,22-208,OKC,MIN,L (-3),Did Not Dress,Did Not Dress,Did Not Dress,Did Not Dress,Did Not Dress,Did Not Dress,Did Not Dress,Did Not Dress,Did Not Dress,Did Not Dress,Did Not Dress,Did Not Dress,Did Not Dress,Did Not Dress,Did Not Dress,Did Not Dress,Did Not Dress,Did Not Dress,Did Not Dress,Did Not Dress
2021-02-06,22-209,OKC,MIN,W (+2),34:21,12,22,.545,2,6,.333,5,6,.833,0,9,9,7,1,0,2,2,31,+7
2021-02-08,22-211,OKC,LAL,L (-7),41:34,10,25,.400,4,8,.500,5,5,1.000,1,6,7,10,0,1,4,3,29,+3
2021-02-10,22-213,OKC,LAL,L (-1),Did Not Dress,Did Not Dress,Did Not Dress,Did Not Dress,Did Not Dress,Did Not Dress,Did Not Dress,Did Not Dress,Did Not Dress,Did Not Dress,Did Not Dress,Did Not Dress,Did Not Dress,Did Not Dress,Did Not Dress,Did Not Dress,Did Not Dress,Did Not Dress,Did Not Dress,Did Not Dress
2021-02-12,22-215,OKC,DEN,L (-2),Did Not Play,Did Not Play,Did Not Play,Did Not Play,Did Not Play,Did Not Play,Did Not Play,Did Not Play,Did Not Play,Did Not Play,Did Not Play,Did Not Play,Did Not Play,Did Not Play,Did Not Play,Did Not Play,Did Not Play,Did Not Play,Did Not Play,Did Not Play
2021-02-14,22-217,OKC,MIL,W (+5),Did Not Dress,Did Not Dress,Did Not Dress,Did Not Dress,Did Not Dress,Did Not Dress,Did Not Dress,Did Not Dress,Did Not Dress,Did Not Dress,Did Not Dress,Did Not Dress,Did Not Dress,Did Not Dress,Did Not Dress,Did Not Dress,Did Not Dress,Did Not Dress,Did Not Dress,Did Not Dress
2021-02-16,22-219,OKC,POR,L (-11),Did Not Dress,Did Not Dress,Did Not Dress,Did Not Dress,Did Not Dress,Did Not Dress,Did Not Dress,Did Not Dress,Did Not Dress,Did Not Dress,Did Not Dress,Did Not Dress,Did Not Dress,Did Not Dress,Did Not Dress,Did Not Dress,Did Not Dress,Did Not Dress,Did Not Dress,Did Not Dress
2021-02-17,22-220,OKC,MEM,L (-9),32:38,6,14,.429,2,5,.400,8,8,1.000,1,2,3,6,0,0,1,2,22,-2
2021-02-19,22-222,OKC,MIL,L (-13),36:01,4,13,.308,2,5,.400,6,9,.667,0,4,4,5,1,0,4,3,16,-12
2021-02-21,22-224,OKC,CLE,W (+16),35:50,9,15,.600,3,3,1.000,10,12,.833,0,4,4,9,1,0,3,3,31,+10
2021-02-22,22-225,OKC,MIA,L (-14),35:20,10,15,.667,2,3,.667,5,6,.833,1,1,2,5,1,1,3,3,27,-15
2021-02-24,22-227,OKC,SAS,W (+3),38:01,13,20,.650,6,11,.545,10,11,.909,0,8,8,4,0,1,4,1,42,+15
2021-02-26,22-229,OKC,ATL,W (+9),35:42,9,16,.563,3,5,.600,3,4,.750,1,4,5,4,1,0,2,2,24,+8
2021-02-27,22-230,OKC,DEN,L (-30),26:07,5,11,.455,1,6,.167,2,2,1.000,0,5,5,6,1,2,4,0,13,-33
2021-03-03,22-234,OKC,DAL,L (-9),34:37,5,15,.333,1,4,.250,4,6,.667,0,3,3,3,0,1,2,1,15,-18
2021-03-04,22-235,OKC,SAS,W (+5),36:54,11,19,.579,2,4,.500,9,10,.900,0,3,3,8,0,1,2,2,33,+17
2021-03-11,22-242,OKC,DAL,W (+8),32:37,11,22,.500,1,5,.200,9,9,1.000,1,1,2,6,1,0,2,4,32,+11
2021-03-13,22-244,OKC,NYK,L (-22),Inactive,Inactive,Inactive,Inactive,Inactive,Inactive,Inactive,Inactive,Inactive,Inactive,Inactive,Inactive,Inactive,Inactive,Inactive,Inactive,Inactive,Inactive,Inactive,Inactive
2021-03-14,22-245,OKC,MEM,W (+6),34:25,8,17,.471,4,6,.667,10,11,.909,1,3,4,5,0,0,5,3,30,-11
2021-03-16,22-247,OKC,CHI,L (-21),27:37,10,17,.588,0,1,.000,1,1,1.000,0,1,1,1,2,1,8,0,21,-36
2021-03-18,22-249,OKC,ATL,L (-23),30:52,8,18,.444,1,4,.250,2,3,.667,0,3,3,4,0,0,2,2,19,-22
2021-03-21,22-252,OKC,HOU,W (+2),Did Not Play,Did Not Play,Did Not Play,Did Not Play,Did Not Play,Did Not Play,Did Not Play,Did Not Play,Did Not Play,Did Not Play,Did Not Play,Did Not Play,Did Not Play,Did Not Play,Did Not Play,Did Not Play,Did Not Play,Did Not Play,Did Not Play,Did Not Play
2021-03-22,22-253,OKC,MIN,W (+9),34:08,11,23,.478,4,6,.667,5,6,.833,0,3,3,4,1,2,2,1,31,+4
2021-03-24,22-255,OKC,MEM,L (-9),Inactive,Inactive,Inactive,Inactive,Inactive,Inactive,Inactive,Inactive,Inactive,Inactive,Inactive,Inactive,Inactive,Inactive,Inactive,Inactive,Inactive,Inactive,Inactive,Inactive
2021-03-27,22-258,OKC,BOS,L (-17),Inactive,Inactive,Inactive,Inactive,Inactive,Inactive,Inactive,Inactive,Inactive,Inactive,Inactive,Inactive,Inactive,Inactive,Inactive,Inactive,Inactive,Inactive,Inactive,Inactive
2021-03-29,22-260,OKC,DAL,L (-21),Inactive,Inactive,Inactive,Inactive,Inactive,Inactive,Inactive,Inactive,Inactive,Inactive,Inactive,Inactive,Inactive,Inactive,Inactive,Inactive,Inactive,Inactive,Inactive,Inactive
2021-03-31,22-262,OKC,TOR,W (+10),Inactive,Inactive,Inactive,Inactive,Inactive,Inactive,Inactive,Inactive,Inactive,Inactive,Inactive,Inactive,Inactive,Inactive,Inactive,Inactive,Inactive,Inactive,Inactive,Inactive
2021-04-02,22-264,OKC,PHO,L (-37),Inactive,Inactive,Inactive,Inactive,Inactive,Inactive,Inactive,Inactive,Inactive,Inactive,Inactive,Inactive,Inactive,Inactive,Inactive,Inactive,Inactive,Inactive,Inactive,Inactive
2021-04-03,22-265,OKC,POR,L (-48),Inactive,Inactive,Inactive,Inactive,Inactive,Inactive,Inactive,Inactive,Inactive,Inactive,Inactive,Inactive,Inactive,Inactive,Inactive,Inactive,Inactive,Inactive,Inactive,Inactive
2021-04-05,22-267,OKC,DET,L (-24),Inactive,Inactive,Inactive,Inactive,Inactive,Inactive,Inactive,Inactive,Inactive,Inactive,Inactive,Inactive,Inactive,Inactive,Inactive,Inactive,Inactive,Inactive,Inactive,Inactive
2021-04-07,22-269,OKC,CHO,L (-11),Inactive,Inactive,Inactive,Inactive,Inactive,Inactive,Inactive,Inactive,Inactive,Inactive,Inactive,Inactive,Inactive,Inactive,Inactive,Inactive,Inactive,Inactive,Inactive,Inactive
2021-04-08,22-270,OKC,CLE,L (-27),Inactive,Inactive,Inactive,Inactive,Inactive,Inactive,Inactive,Inactive,Inactive,Inactive,Inactive,Inactive,Inactive,Inactive,Inactive,Inactive,Inactive,Inactive,Inactive,Inactive
2021-04-10,22-272,OKC,PHI,L (-24),Inactive,Inactive,Inactive,Inactive,Inactive,Inactive,Inactive,Inactive,Inactive,Inactive,Inactive,Inactive,Inactive,Inactive,Inactive,Inactive,Inactive,Inactive,Inactive,Inactive
2021-04-13,22-275,OKC,UTA,L (-10),Inactive,Inactive,Inactive,Inactive,Inactive,Inactive,Inactive,Inactive,Inactive,Inactive,Inactive,Inactive,Inactive,Inactive,Inactive,Inactive,Inactive,Inactive,Inactive,Inactive
2021-04-14,22-276,OKC,GSW,L (-38),Inactive,Inactive,Inactive,Inactive,Inactive,Inactive,Inactive,Inactive,Inactive,Inactive,Inactive,Inactive,Inactive,Inactive,Inactive,Inactive,Inactive,Inactive,Inactive,Inactive
2021-04-16,22-278,OKC,DET,L (-6),Inactive,Inactive,Inactive,Inactive,Inactive,Inactive,Inactive,Inactive,Inactive,Inactive,Inactive,Inactive,Inactive,Inactive,Inactive,Inactive,Inactive,Inactive,Inactive,Inactive
2021-04-18,22-280,OKC,TOR,L (-6),Inactive,Inactive,Inactive,Inactive,Inactive,Inactive,Inactive,Inactive,Inactive,Inactive,Inactive,Inactive,Inactive,Inactive,Inactive,Inactive,Inactive,Inactive,Inactive,Inactive
2021-04-19,22-281,OKC,WAS,L (-12),Inactive,Inactive,Inactive,Inactive,Inactive,Inactive,Inactive,Inactive,Inactive,Inactive,Inactive,Inactive,Inactive,Inactive,Inactive,Inactive,Inactive,Inactive,Inactive,Inactive
2021-04-21,22-283,OKC,IND,L (-6),Inactive,Inactive,Inactive,Inactive,Inactive,Inactive,Inactive,Inactive,Inactive,Inactive,Inactive,Inactive,Inactive,Inactive,Inactive,Inactive,Inactive,Inactive,Inactive,Inactive
2021-04-23,22-285,OKC,WAS,L (-20),Inactive,Inactive,Inactive,Inactive,Inactive,Inactive,Inactive,Inactive,Inactive,Inactive,Inactive,Inactive,Inactive,Inactive,Inactive,Inactive,Inactive,Inactive,Inactive,Inactive
2021-04-26,22-288,OKC,PHI,L (-31),Inactive,Inactive,Inactive,Inactive,Inactive,Inactive,Inactive,Inactive,Inactive,Inactive,Inactive,Inactive,Inactive,Inactive,Inactive,Inactive,Inactive,Inactive,Inactive,Inactive
2021-04-27,22-289,OKC,BOS,W (+4),Inactive,Inactive,Inactive,Inactive,Inactive,Inactive,Inactive,Inactive,Inactive,Inactive,Inactive,Inactive,Inactive,Inactive,Inactive,Inactive,Inactive,Inactive,Inactive,Inactive
2021-04-29,22-291,OKC,NOP,L (-14),Inactive,Inactive,Inactive,Inactive,Inactive,Inactive,Inactive,Inactive,Inactive,Inactive,Inactive,Inactive,Inactive,Inactive,Inactive,Inactive,Inactive,Inactive,Inactive,Inactive
2021-05-01,22-293,OKC,IND,L (-57),Inactive,Inactive,Inactive,Inactive,Inactive,Inactive,Inactive,Inactive,Inactive,Inactive,Inactive,Inactive,Inactive,Inactive,Inactive,Inactive,Inactive,Inactive,Inactive,Inactive
2021-05-02,22-294,OKC,PHO,L (-3),Inactive,Inactive,Inactive,Inactive,Inactive,Inactive,Inactive,Inactive,Inactive,Inactive,Inactive,Inactive,Inactive,Inactive,Inactive,Inactive,Inactive,Inactive,Inactive,Inactive
2021-05-04,22-296,OKC,SAC,L (-4),Inactive,Inactive,Inactive,Inactive,Inactive,Inactive,Inactive,Inactive,Inactive,Inactive,Inactive,Inactive,Inactive,Inactive,Inactive,Inactive,Inactive,Inactive,Inactive,Inactive
2021-05-06,22-298,OKC,GSW,L (-21),Inactive,Inactive,Inactive,Inactive,Inactive,Inactive,Inactive,Inactive,Inactive,Inactive,Inactive,Inactive,Inactive,Inactive,Inactive,Inactive,Inactive,Inactive,Inactive,Inactive
2021-05-08,22-300,OKC,GSW,L (-39),Inactive,Inactive,Inactive,Inactive,Inactive,Inactive,Inactive,Inactive,Inactive,Inactive,Inactive,Inactive,Inactive,Inactive,Inactive,Inactive,Inactive,Inactive,Inactive,Inactive
2021-05-09,22-301,OKC,SAC,L (-28),Inactive,Inactive,Inactive,Inactive,Inactive,Inactive,Inactive,Inactive,Inactive,Inactive,Inactive,Inactive,Inactive,Inactive,Inactive,Inactive,Inactive,Inactive,Inactive,Inactive
2021-05-11,22-303,OKC,SAC,L (-16),Inactive,Inactive,Inactive,Inactive,Inactive,Inactive,Inactive,Inactive,Inactive,Inactive,Inactive,Inactive,Inactive,Inactive,Inactive,Inactive,Inactive,Inactive,Inactive,Inactive
2021-05-14,22-306,OKC,UTA,L (-16),Inactive,Inactive,Inactive,Inactive,Inactive,Inactive,Inactive,Inactive,Inactive,Inactive,Inactive,Inactive,Inactive,Inactive,Inactive,Inactive,Inactive,Inactive,Inactive,Inactive
2021-05-16,22-308,OKC,LAC,W (+5),Inactive,Inactive,Inactive,Inactive,Inactive,Inactive,Inactive,Inactive,Inactive,Inactive,Inactive,Inactive,Inactive,Inactive,Inactive,Inactive,Inactive,Inactive,Inactive,Inactive
2021-10-20,23-100,OKC,UTA,L (-21),32:40,7,17,.412,1,7,.143,3,5,.600,1,3,4,2,0,0,1,2,18,-21
2021-10-22,23-102,OKC,HOU,L (-33),26:28,6,15,.400,1,6,.167,0,0,,0,4,4,2,0,0,5,1,13,-27
2021-10-24,23-104,OKC,PHI,L (-12),38:39,9,19,.474,1,6,.167,10,12,.833,0,6,6,8,1,1,2,2,29,+1
2021-10-26,23-106,OKC,GSW,L (-8),35:43,11,19,.579,4,5,.800,4,5,.800,0,1,1,4,1,0,1,5,30,-3
2021-10-27,23-107,OKC,LAL,W (+8),37:41,7,19,.368,5,11,.455,8,10,.800,2,7,9,5,0,0,2,2,27,+2
2021-10-30,23-110,OKC,GSW,L (-21),28:41,6,15,.400,2,7,.286,1,2,.500,0,5,5,2,1,0,1,0,15,-23
2021-11-01,23-112,OKC,LAC,L (-5),39:52,11,23,.478,3,5,.600,3,3,1.000,2,5,7,2,2,1,2,4,28,-1
2021-11-04,23-115,OKC,LAL,W (+3),39:08,9,17,.529,4,7,.571,6,6,1.000,1,2,3,6,1,1,2,0,28,+14
2021-11-07,23-118,OKC,SAS,W (+5),35:52,5,16,.313,1,6,.167,3,3,1.000,0,8,8,9,1,1,3,0,14,+16
2021-11-10,23-121,OKC,NOP,W (+8),36:23,7,19,.368,2,7,.286,8,11,.727,0,7,7,5,1,2,5,2,24,+5
2021-11-12,23-123,OKC,SAC,W (+2),34:59,9,24,.375,2,8,.250,2,2,1.000,0,2,2,3,2,0,4,5,22,-8
2021-11-14,23-125,OKC,BRK,L (-24),30:25,8,14,.571,3,6,.500,4,4,1.000,0,6,6,2,1,0,3,1,23,-20
2021-11-15,23-126,OKC,MIA,L (-13),34:57,2,11,.182,1,5,.200,5,6,.833,1,2,3,5,1,0,3,3,10,-5
2021-11-17,23-128,OKC,HOU,W (+12),36:35,6,18,.333,1,8,.125,2,2,1.000,2,5,7,9,4,1,3,2,15,+17
2021-11-19,23-130,OKC,MIL,L (-7),35:58,5,20,.250,2,12,.167,5,7,.714,1,5,6,3,1,0,2,3,17,-14
2021-11-20,23-131,OKC,BOS,L (-6),34:05,4,13,.308,3,7,.429,3,5,.600,0,3,3,3,0,0,3,4,14,+2
2021-11-22,23-133,OKC,ATL,L (-12),Inactive,Inactive,Inactive,Inactive,Inactive,Inactive,Inactive,Inactive,Inactive,Inactive,Inactive,Inactive,Inactive,Inactive,Inactive,Inactive,Inactive,Inactive,Inactive,Inactive
2021-11-24,23-135,OKC,UTA,L (-6),Inactive,Inactive,Inactive,Inactive,Inactive,Inactive,Inactive,Inactive,Inactive,Inactive,Inactive,Inactive,Inactive,Inactive,Inactive,Inactive,Inactive,Inactive,Inactive,Inactive
2021-11-26,23-137,OKC,WAS,L (-2),34:24,7,16,.438,0,4,.000,1,2,.500,0,8,8,9,1,1,1,1,15,-6
2021-11-29,23-140,OKC,HOU,L (-13),33:00,9,20,.450,2,5,.400,2,6,.333,0,3,3,4,2,2,2,0,22,-12
2021-12-01,23-142,OKC,HOU,L (-4),37:39,12,26,.462,1,8,.125,14,16,.875,1,3,4,2,0,1,1,2,39,-15
2021-12-02,23-143,OKC,MEM,L (-73),Inactive,Inactive,Inactive,Inactive,Inactive,Inactive,Inactive,Inactive,Inactive,Inactive,Inactive,Inactive,Inactive,Inactive,Inactive,Inactive,Inactive,Inactive,Inactive,Inactive
2021-12-06,23-147,OKC,DET,W (+11),37:21,9,20,.450,0,2,.000,12,15,.800,0,2,2,13,0,2,3,3,30,+6
2021-12-08,23-149,OKC,TOR,W (+1),36:38,6,17,.353,2,6,.333,12,12,1.000,0,2,2,9,1,0,2,1,26,-3
2021-12-10,23-151,OKC,LAL,L (-21),30:21,5,12,.417,1,3,.333,0,1,.000,1,1,2,4,0,1,2,1,11,-16
2021-12-12,23-153,OKC,DAL,L (-19),32:48,6,15,.400,1,5,.200,5,6,.833,1,3,4,5,0,2,1,2,18,-8
2021-12-15,23-156,OKC,NOP,L (-3),36:42,10,25,.400,4,8,.500,9,9,1.000,0,5,5,1,1,1,3,3,33,-4
2021-12-18,23-159,OKC,LAC,W (+1),35:49,8,16,.500,2,5,.400,0,0,,1,2,3,6,1,0,2,5,18,+3
2021-12-20,23-161,OKC,MEM,W (+3),36:58,8,19,.421,0,5,.000,7,8,.875,1,4,5,4,3,0,1,0,23,-2
2021-12-22,23-163,OKC,DEN,W (+14),36:55,10,24,.417,0,7,.000,7,7,1.000,1,10,11,12,1,1,1,4,27,+19
2021-12-23,23-164,OKC,PHO,L (-12),38:50,10,20,.500,2,6,.333,7,7,1.000,1,4,5,7,0,1,5,1,29,-12
2021-12-26,23-167,OKC,NOP,W (+5),34:58,11,20,.550,1,5,.200,8,13,.615,2,2,4,5,1,3,1,4,31,+5
2021-12-28,23-169,OKC,SAC,L (-6),35:16,9,24,.375,1,5,.200,14,17,.824,0,5,5,5,0,0,1,4,33,+1
2021-12-29,23-170,OKC,PHO,L (-18),Inactive,Inactive,Inactive,Inactive,Inactive,Inactive,Inactive,Inactive,Inactive,Inactive,Inactive,Inactive,Inactive,Inactive,Inactive,Inactive,Inactive,Inactive,Inactive,Inactive
2021-12-31,23-172,OKC,NYK,W (+15),34:46,9,24,.375,2,7,.286,3,4,.750,0,4,4,4,2,1,4,3,23,+1
2022-01-02,23-174,OKC,DAL,L (-9),Inactive,Inactive,Inactive,Inactive,Inactive,Inactive,Inactive,Inactive,Inactive,Inactive,Inactive,Inactive,Inactive,Inactive,Inactive,Inactive,Inactive,Inactive,Inactive,Inactive
2022-01-05,23-177,OKC,MIN,L (-8),37:30,5,15,.333,2,6,.333,7,7,1.000,0,2,2,5,0,0,4,4,19,-18
2022-01-07,23-179,OKC,MIN,L (-30),28:23,4,11,.364,0,3,.000,4,5,.800,0,3,3,6,2,1,4,1,12,-13
2022-01-09,23-181,OKC,DEN,L (-4),31:29,2,14,.143,0,3,.000,4,4,1.000,2,3,5,4,1,2,1,3,8,-15
2022-01-11,23-183,OKC,WAS,L (-4),35:00,13,22,.591,1,2,.500,5,6,.833,0,3,3,8,1,0,2,4,32,-5
2022-01-13,23-185,OKC,BRK,W (+21),35:03,11,18,.611,2,5,.400,9,10,.900,2,8,10,9,1,2,5,0,33,+30
2022-01-15,23-187,OKC,CLE,L (-5),34:09,7,19,.368,0,2,.000,7,9,.778,1,3,4,7,1,2,3,4,21,-2
2022-01-17,23-189,OKC,DAL,L (-2),37:20,11,18,.611,1,4,.250,11,12,.917,0,6,6,5,2,0,2,3,34,-3
2022-01-19,23-191,OKC,SAS,L (-22),29:53,5,21,.238,0,4,.000,3,4,.750,2,1,3,7,2,0,3,2,13,-25
2022-01-21,23-193,OKC,CHO,L (-23),33:14,10,23,.435,1,3,.333,8,9,.889,2,3,5,6,1,1,1,3,29,-10
2022-01-22,23-194,OKC,CLE,L (-7),38:32,12,23,.522,3,7,.429,2,5,.400,2,7,9,6,3,1,3,5,29,-1
2022-01-24,23-196,OKC,CHI,L (-1),38:31,9,17,.529,2,5,.400,11,14,.786,0,3,3,10,3,1,3,1,31,+2
2022-01-28,23-200,OKC,IND,L (-3),17:22,4,10,.400,0,3,.000,2,6,.333,0,2,2,3,2,1,0,0,10,+10
2022-01-31,23-203,OKC,POR,W (+17),Inactive,Inactive,Inactive,Inactive,Inactive,Inactive,Inactive,Inactive,Inactive,Inactive,Inactive,Inactive,Inactive,Inactive,Inactive,Inactive,Inactive,Inactive,Inactive,Inactive
2022-02-02,23-205,OKC,DAL,W (+6),Inactive,Inactive,Inactive,Inactive,Inactive,Inactive,Inactive,Inactive,Inactive,Inactive,Inactive,Inactive,Inactive,Inactive,Inactive,Inactive,Inactive,Inactive,Inactive,Inactive
2022-02-04,23-207,OKC,POR,W (+3),Inactive,Inactive,Inactive,Inactive,Inactive,Inactive,Inactive,Inactive,Inactive,Inactive,Inactive,Inactive,Inactive,Inactive,Inactive,Inactive,Inactive,Inactive,Inactive,Inactive
2022-02-05,23-208,OKC,SAC,L (-10),Inactive,Inactive,Inactive,Inactive,Inactive,Inactive,Inactive,Inactive,Inactive,Inactive,Inactive,Inactive,Inactive,Inactive,Inactive,Inactive,Inactive,Inactive,Inactive,Inactive
2022-02-07,23-210,OKC,GSW,L (-12),Inactive,Inactive,Inactive,Inactive,Inactive,Inactive,Inactive,Inactive,Inactive,Inactive,Inactive,Inactive,Inactive,Inactive,Inactive,Inactive,Inactive,Inactive,Inactive,Inactive
2022-02-09,23-212,OKC,TOR,L (-19),Inactive,Inactive,Inactive,Inactive,Inactive,Inactive,Inactive,Inactive,Inactive,Inactive,Inactive,Inactive,Inactive,Inactive,Inactive,Inactive,Inactive,Inactive,Inactive,Inactive
2022-02-11,23-214,OKC,PHI,L (-13),Inactive,Inactive,Inactive,Inactive,Inactive,Inactive,Inactive,Inactive,Inactive,Inactive,Inactive,Inactive,Inactive,Inactive,Inactive,Inactive,Inactive,Inactive,Inactive,Inactive
2022-02-12,23-215,OKC,CHI,L (-5),Inactive,Inactive,Inactive,Inactive,Inactive,Inactive,Inactive,Inactive,Inactive,Inactive,Inactive,Inactive,Inactive,Inactive,Inactive,Inactive,Inactive,Inactive,Inactive,Inactive
2022-02-14,23-217,OKC,NYK,W (+4),Inactive,Inactive,Inactive,Inactive,Inactive,Inactive,Inactive,Inactive,Inactive,Inactive,Inactive,Inactive,Inactive,Inactive,Inactive,Inactive,Inactive,Inactive,Inactive,Inactive
2022-02-16,23-219,OKC,SAS,L (-8),Inactive,Inactive,Inactive,Inactive,Inactive,Inactive,Inactive,Inactive,Inactive,Inactive,Inactive,Inactive,Inactive,Inactive,Inactive,Inactive,Inactive,Inactive,Inactive,Inactive
2022-02-24,23-227,OKC,PHO,L (-20),34:40,13,22,.591,1,5,.200,5,6,.833,1,1,2,5,0,0,6,4,32,-16
2022-02-25,23-228,OKC,IND,W (+4),38:06,13,24,.542,1,5,.200,9,12,.750,1,7,8,5,2,3,7,2,36,-5
2022-02-28,23-231,OKC,SAC,L (-21),32:52,12,16,.750,3,3,1.000,10,14,.714,1,6,7,10,3,0,5,5,37,-17
2022-03-02,23-233,OKC,DEN,W (+12),36:44,10,23,.435,3,5,.600,6,8,.750,0,7,7,5,2,1,7,2,29,+22
2022-03-04,23-235,OKC,MIN,L (-37),29:50,14,21,.667,1,3,.333,4,5,.800,1,4,5,7,1,0,5,3,33,-13
2022-03-06,23-237,OKC,UTA,L (-13),38:19,11,23,.478,0,4,.000,11,12,.917,0,7,7,8,4,1,0,4,33,-2
2022-03-08,23-239,OKC,MIL,L (-27),35:09,11,18,.611,3,3,1.000,8,12,.667,0,8,8,14,3,1,5,3,33,+4
2022-03-09,23-240,OKC,MIN,L (-30),31:17,2,15,.133,0,4,.000,4,4,1.000,0,3,3,8,1,0,4,1,8,-23
2022-03-13,23-244,OKC,MEM,L (-7),37:53,9,20,.450,1,5,.200,12,12,1.000,0,6,6,7,2,3,1,5,31,-15
2022-03-14,23-245,OKC,CHO,L (-18),36:09,12,20,.600,3,7,.429,5,5,1.000,2,6,8,5,0,0,3,5,32,-3
2022-03-16,23-247,OKC,SAS,L (-2),34:41,14,22,.636,1,4,.250,5,8,.625,1,5,6,8,3,1,3,1,34,-8
2022-03-18,23-249,OKC,MIA,L (-12),32:45,9,17,.529,1,4,.250,7,9,.778,0,7,7,4,1,2,3,2,26,-17
2022-03-20,23-251,OKC,ORL,L (-5),Inactive,Inactive,Inactive,Inactive,Inactive,Inactive,Inactive,Inactive,Inactive,Inactive,Inactive,Inactive,Inactive,Inactive,Inactive,Inactive,Inactive,Inactive,Inactive,Inactive
2022-03-21,23-252,OKC,BOS,L (-9),36:34,13,23,.565,4,4,1.000,1,1,1.000,0,1,1,9,0,0,2,5,31,-12
2022-03-23,23-254,OKC,ORL,W (+16),Inactive,Inactive,Inactive,Inactive,Inactive,Inactive,Inactive,Inactive,Inactive,Inactive,Inactive,Inactive,Inactive,Inactive,Inactive,Inactive,Inactive,Inactive,Inactive,Inactive
2022-03-26,23-257,OKC,DEN,L (-6),Inactive,Inactive,Inactive,Inactive,Inactive,Inactive,Inactive,Inactive,Inactive,Inactive,Inactive,Inactive,Inactive,Inactive,Inactive,Inactive,Inactive,Inactive,Inactive,Inactive
2022-03-28,23-259,OKC,POR,W (+3),Inactive,Inactive,Inactive,Inactive,Inactive,Inactive,Inactive,Inactive,Inactive,Inactive,Inactive,Inactive,Inactive,Inactive,Inactive,Inactive,Inactive,Inactive,Inactive,Inactive
2022-03-30,23-261,OKC,ATL,L (-18),Inactive,Inactive,Inactive,Inactive,Inactive,Inactive,Inactive,Inactive,Inactive,Inactive,Inactive,Inactive,Inactive,Inactive,Inactive,Inactive,Inactive,Inactive,Inactive,Inactive
2022-04-01,23-263,OKC,DET,L (-9),Inactive,Inactive,Inactive,Inactive,Inactive,Inactive,Inactive,Inactive,Inactive,Inactive,Inactive,Inactive,Inactive,Inactive,Inactive,Inactive,Inactive,Inactive,Inactive,Inactive
2022-04-03,23-265,OKC,PHO,W (+21),Inactive,Inactive,Inactive,Inactive,Inactive,Inactive,Inactive,Inactive,Inactive,Inactive,Inactive,Inactive,Inactive,Inactive,Inactive,Inactive,Inactive,Inactive,Inactive,Inactive
2022-04-05,23-267,OKC,POR,W (+4),Inactive,Inactive,Inactive,Inactive,Inactive,Inactive,Inactive,Inactive,Inactive,Inactive,Inactive,Inactive,Inactive,Inactive,Inactive,Inactive,Inactive,Inactive,Inactive,Inactive
2022-04-06,23-268,OKC,UTA,L (-36),Inactive,Inactive,Inactive,Inactive,Inactive,Inactive,Inactive,Inactive,Inactive,Inactive,Inactive,Inactive,Inactive,Inactive,Inactive,Inactive,Inactive,Inactive,Inactive,Inactive
2022-04-08,23-270,OKC,LAL,L (-19),Inactive,Inactive,Inactive,Inactive,Inactive,Inactive,Inactive,Inactive,Inactive,Inactive,Inactive,Inactive,Inactive,Inactive,Inactive,Inactive,Inactive,Inactive,Inactive,Inactive
2022-04-10,23-272,OKC,LAC,L (-50),Inactive,Inactive,Inactive,Inactive,Inactive,Inactive,Inactive,Inactive,Inactive,Inactive,Inactive,Inactive,Inactive,Inactive,Inactive,Inactive,Inactive,Inactive,Inactive,Inactive
2022-10-19,24-099,OKC,MIN,L (-7),36:47,12,23,.522,2,6,.333,6,6,1.000,2,4,6,5,3,2,2,1,32,-1
2022-10-22,24-102,OKC,DEN,L (-5),33:56,11,24,.458,1,5,.200,5,5,1.000,0,3,3,7,1,0,5,4,28,-6
2022-10-23,24-103,OKC,MIN,L (-10),Did Not Dress,Did Not Dress,Did Not Dress,Did Not Dress,Did Not Dress,Did Not Dress,Did Not Dress,Did Not Dress,Did Not Dress,Did Not Dress,Did Not Dress,Did Not Dress,Did Not Dress,Did Not Dress,Did Not Dress,Did Not Dress,Did Not Dress,Did Not Dress,Did Not Dress,Did Not Dress
2022-10-25,24-105,OKC,LAC,W (+14),36:44,11,22,.500,2,2,1.000,9,9,1.000,1,4,5,8,3,3,2,0,33,+23
2022-10-27,24-107,OKC,LAC,W (+8),34:01,10,23,.435,2,4,.500,2,2,1.000,1,4,5,6,3,0,3,4,24,+12
2022-10-29,24-109,OKC,DAL,W (+6),41:20,15,27,.556,0,2,.000,8,8,1.000,2,4,6,9,2,1,3,2,38,+20
2022-11-01,24-112,OKC,ORL,W (+8),32:54,12,18,.667,0,3,.000,10,11,.909,0,4,4,6,3,2,5,2,34,-2
2022-11-03,24-114,OKC,DEN,L (-12),35:12,13,17,.765,0,0,,11,11,1.000,1,3,4,3,2,0,4,3,37,-6
2022-11-05,24-116,OKC,MIL,L (-14),31:46,7,16,.438,0,1,.000,4,5,.800,0,1,1,3,1,1,2,3,18,-19
2022-11-07,24-118,OKC,DET,L (-9),38:00,13,23,.565,0,0,,7,7,1.000,2,5,7,5,1,4,1,2,33,-8
2022-11-09,24-120,OKC,MIL,L (-4),46:05,13,25,.520,2,5,.400,11,13,.846,1,3,4,4,0,2,4,5,39,+3
2022-11-11,24-122,OKC,TOR,W (+19),28:03,8,14,.571,1,2,.500,3,4,.750,0,3,3,4,3,1,3,2,20,+13
2022-11-13,24-124,OKC,NYK,W (+10),36:12,13,22,.591,2,3,.667,9,10,.900,0,5,5,8,3,2,6,2,37,+4
2022-11-14,24-125,OKC,BOS,L (-4),35:59,13,26,.500,2,4,.500,9,9,1.000,1,3,4,8,2,1,4,2,37,-3
2022-11-16,24-127,OKC,WAS,W (+1),34:49,14,22,.636,2,3,.667,12,17,.706,2,4,6,7,0,1,2,1,42,+9
2022-11-18,24-129,OKC,MEM,L (-11),33:52,6,18,.333,2,4,.500,1,1,1.000,1,5,6,6,0,1,2,4,15,-13
2022-11-21,24-132,OKC,NYK,L (-10),34:36,9,22,.409,0,2,.000,12,13,.923,1,4,5,7,1,1,3,3,30,-7
2022-11-23,24-134,OKC,DEN,L (-5),42:31,8,20,.400,1,4,.250,14,14,1.000,1,6,7,11,2,1,1,3,31,+2
2022-11-25,24-136,OKC,CHI,W (+4),40:23,8,21,.381,0,3,.000,14,15,.933,1,7,8,7,0,1,1,2,30,+9
2022-11-26,24-137,OKC,HOU,L (-13),27:31,12,21,.571,1,3,.333,7,7,1.000,1,2,3,3,2,0,3,1,32,-9
2022-11-28,24-139,OKC,NOP,L (-4),35:38,7,21,.333,1,6,.167,16,18,.889,3,3,6,4,2,0,7,4,31,-9
2022-11-30,24-141,OKC,SAS,W (+8),Inactive,Inactive,Inactive,Inactive,Inactive,Inactive,Inactive,Inactive,Inactive,Inactive,Inactive,Inactive,Inactive,Inactive,Inactive,Inactive,Inactive,Inactive,Inactive,Inactive
2022-12-03,24-144,OKC,MIN,W (+7),34:37,10,17,.588,1,2,.500,12,12,1.000,0,1,1,6,3,1,4,0,33,-6
2022-12-05,24-146,OKC,ATL,W (+7),34:47,10,22,.455,0,3,.000,15,15,1.000,0,6,6,5,2,0,6,4,35,+12
2022-12-07,24-148,OKC,MEM,L (-21),33:47,4,14,.286,1,4,.250,17,19,.895,0,3,3,7,0,1,5,0,26,-12
2022-12-10,24-151,OKC,CLE,L (-8),31:24,7,13,.538,0,2,.000,9,9,1.000,1,1,2,3,2,0,2,6,23,-17
2022-12-12,24-153,OKC,DAL,L (-7),37:33,14,23,.609,1,2,.500,13,13,1.000,0,2,2,3,3,0,2,5,42,+6
2022-12-14,24-155,OKC,MIA,L (-2),36:22,10,20,.500,1,3,.333,6,6,1.000,0,8,8,7,1,0,5,1,27,+10
2022-12-16,24-157,OKC,MIN,L (-2),37:49,11,23,.478,3,5,.600,10,12,.833,1,6,7,5,1,0,5,4,35,+5
2022-12-17,24-158,OKC,MEM,W (+6),Inactive,Inactive,Inactive,Inactive,Inactive,Inactive,Inactive,Inactive,Inactive,Inactive,Inactive,Inactive,Inactive,Inactive,Inactive,Inactive,Inactive,Inactive,Inactive,Inactive
2022-12-19,24-160,OKC,POR,W (+2),36:02,10,24,.417,1,1,1.000,14,14,1.000,0,2,2,6,1,2,2,2,35,-1
2022-12-21,24-162,OKC,POR,W (+3),35:28,8,19,.421,0,3,.000,11,13,.846,0,6,6,3,2,1,5,3,27,-1
2022-12-23,24-164,OKC,NOP,L (-3),43:05,17,29,.586,3,4,.750,7,9,.778,1,9,10,6,2,1,2,4,44,-6
2022-12-27,24-168,OKC,SAS,W (+16),33:24,9,14,.643,0,0,,10,11,.909,1,5,6,8,2,4,4,2,28,+11
2022-12-29,24-170,OKC,CHO,L (-8),35:59,11,23,.478,1,3,.333,5,7,.714,2,1,3,5,2,0,2,4,28,-9
2022-12-31,24-172,OKC,PHI,L (-19),32:23,4,15,.267,1,2,.500,5,8,.625,2,4,6,5,0,0,2,3,14,-17
2023-01-03,24-175,OKC,BOS,W (+33),Did Not Dress,Did Not Dress,Did Not Dress,Did Not Dress,Did Not Dress,Did Not Dress,Did Not Dress,Did Not Dress,Did Not Dress,Did Not Dress,Did Not Dress,Did Not Dress,Did Not Dress,Did Not Dress,Did Not Dress,Did Not Dress,Did Not Dress,Did Not Dress,Did Not Dress,Did Not Dress
2023-01-04,24-176,OKC,ORL,L (-11),35:13,8,19,.421,0,1,.000,17,18,.944,1,3,4,4,1,1,3,3,33,-3
2023-01-06,24-178,OKC,WAS,W (+17),33:09,12,23,.522,1,4,.250,5,6,.833,0,3,3,4,1,2,0,4,30,+25
2023-01-08,24-180,OKC,DAL,W (+11),36:15,11,17,.647,0,1,.000,11,13,.846,0,5,5,5,1,2,3,5,33,+7
2023-01-10,24-182,OKC,MIA,L (-1),38:39,9,18,.500,2,4,.500,6,7,.857,0,4,4,4,3,0,6,2,26,+2
2023-01-12,24-184,OKC,PHI,W (+19),34:49,10,16,.625,1,1,1.000,16,16,1.000,1,7,8,6,1,2,1,2,37,+11
2023-01-13,24-185,OKC,CHI,W (+14),33:10,7,14,.500,0,1,.000,7,8,.875,0,5,5,6,4,2,2,3,21,+4
2023-01-15,24-187,OKC,BRK,W (+10),35:52,8,17,.471,1,4,.250,11,14,.786,1,6,7,1,1,1,1,0,28,0
2023-01-18,24-190,OKC,IND,W (+20),29:47,7,17,.412,1,4,.250,8,9,.889,1,2,3,6,3,0,2,2,23,+38
2023-01-20,24-192,OKC,SAC,L (-5),37:30,16,23,.696,2,3,.667,3,4,.750,1,0,1,7,2,0,0,0,37,-10
2023-01-22,24-194,OKC,DEN,W (+2),37:22,13,21,.619,1,2,.500,7,8,.875,0,5,5,5,0,2,1,2,34,+5
2023-01-25,24-197,OKC,ATL,L (-5),36:29,13,22,.591,1,1,1.000,9,10,.900,2,3,5,7,2,2,4,3,36,+9
2023-01-27,24-199,OKC,CLE,W (+12),35:09,12,21,.571,1,1,1.000,10,11,.909,2,3,5,8,2,1,0,2,35,+14
2023-01-30,24-202,OKC,GSW,L (-8),36:31,10,24,.417,1,2,.500,10,10,1.000,0,4,4,7,0,3,5,3,31,-15
2023-02-01,24-204,OKC,HOU,L (-6),34:01,7,23,.304,0,3,.000,10,10,1.000,5,3,8,4,3,0,1,5,24,-7
2023-02-04,24-207,OKC,HOU,W (+32),30:20,14,23,.609,0,2,.000,14,15,.933,0,4,4,6,3,2,0,3,42,+38
2023-02-06,24-209,OKC,GSW,L (-27),29:09,6,16,.375,0,1,.000,8,8,1.000,0,0,0,4,0,0,0,3,20,-17
2023-02-07,24-210,OKC,LAL,W (+3),37:41,9,17,.529,1,1,1.000,11,12,.917,0,2,2,8,2,0,4,5,30,-2
2023-02-10,24-213,OKC,POR,W (+9),39:20,13,16,.813,0,1,.000,18,19,.947,0,3,3,7,2,1,4,1,44,+22
2023-02-13,24-216,OKC,NOP,L (-3),38:58,8,21,.381,0,2,.000,8,9,.889,3,7,10,5,1,0,6,4,24,+9
2023-02-15,24-218,OKC,HOU,W (+37),29:03,8,16,.500,0,2,.000,13,15,.867,0,2,2,6,0,2,1,3,29,+27
2023-02-23,24-226,OKC,UTA,L (-1),40:52,12,26,.462,0,2,.000,15,19,.789,2,6,8,7,2,1,2,2,39,0
2023-02-24,24-227,OKC,PHO,L (-9),Inactive,Inactive,Inactive,Inactive,Inactive,Inactive,Inactive,Inactive,Inactive,Inactive,Inactive,Inactive,Inactive,Inactive,Inactive,Inactive,Inactive,Inactive,Inactive,Inactive
2023-02-26,24-229,OKC,SAC,L (-9),Inactive,Inactive,Inactive,Inactive,Inactive,Inactive,Inactive,Inactive,Inactive,Inactive,Inactive,Inactive,Inactive,Inactive,Inactive,Inactive,Inactive,Inactive,Inactive,Inactive
2023-02-28,24-231,OKC,SAC,L (-6),Inactive,Inactive,Inactive,Inactive,Inactive,Inactive,Inactive,Inactive,Inactive,Inactive,Inactive,Inactive,Inactive,Inactive,Inactive,Inactive,Inactive,Inactive,Inactive,Inactive
2023-03-01,24-232,OKC,LAL,L (-6),Inactive,Inactive,Inactive,Inactive,Inactive,Inactive,Inactive,Inactive,Inactive,Inactive,Inactive,Inactive,Inactive,Inactive,Inactive,Inactive,Inactive,Inactive,Inactive,Inactive
2023-03-03,24-234,OKC,UTA,W (+27),Inactive,Inactive,Inactive,Inactive,Inactive,Inactive,Inactive,Inactive,Inactive,Inactive,Inactive,Inactive,Inactive,Inactive,Inactive,Inactive,Inactive,Inactive,Inactive,Inactive
2023-03-05,24-236,OKC,UTA,W (+10),36:56,10,17,.588,1,2,.500,17,19,.895,2,5,7,4,3,1,4,4,38,+5
2023-03-07,24-238,OKC,GSW,W (+9),36:05,14,24,.583,2,5,.400,3,4,.750,0,3,3,6,2,0,4,4,33,-10
2023-03-08,24-239,OKC,PHO,L (-31),Inactive,Inactive,Inactive,Inactive,Inactive,Inactive,Inactive,Inactive,Inactive,Inactive,Inactive,Inactive,Inactive,Inactive,Inactive,Inactive,Inactive,Inactive,Inactive,Inactive
2023-03-11,24-242,OKC,NOP,W (+14),37:04,11,23,.478,0,0,,13,13,1.000,1,5,6,2,4,1,1,3,35,+12
2023-03-12,24-243,OKC,SAS,W (+12),Inactive,Inactive,Inactive,Inactive,Inactive,Inactive,Inactive,Inactive,Inactive,Inactive,Inactive,Inactive,Inactive,Inactive,Inactive,Inactive,Inactive,Inactive,Inactive,Inactive
2023-03-14,24-245,OKC,BRK,W (+14),36:23,12,24,.500,1,1,1.000,10,12,.833,1,6,7,4,1,0,3,4,35,+12
2023-03-16,24-247,OKC,TOR,L (-17),34:52,12,19,.632,1,1,1.000,4,5,.800,2,1,3,3,2,0,3,1,29,-17
2023-03-19,24-250,OKC,PHO,W (+4),35:26,12,24,.500,0,0,,16,19,.842,0,5,5,4,1,0,3,2,40,+10
2023-03-21,24-252,OKC,LAC,W (+1),36:02,12,25,.480,1,4,.250,6,7,.857,0,7,7,4,0,0,4,4,31,-5
2023-03-23,24-254,OKC,LAC,L (-22),26:51,10,15,.667,1,1,1.000,9,9,1.000,0,4,4,3,1,3,2,2,30,-1
2023-03-24,24-255,OKC,LAL,L (-5),35:45,9,22,.409,1,3,.333,8,9,.889,0,5,5,8,1,1,2,4,27,+2
2023-03-26,24-257,OKC,POR,W (+6),35:10,9,17,.529,0,1,.000,13,15,.867,2,0,2,3,4,0,3,1,31,+1
2023-03-28,24-259,OKC,CHO,L (-3),Inactive,Inactive,Inactive,Inactive,Inactive,Inactive,Inactive,Inactive,Inactive,Inactive,Inactive,Inactive,Inactive,Inactive,Inactive,Inactive,Inactive,Inactive,Inactive,Inactive
2023-03-29,24-260,OKC,DET,W (+1),Inactive,Inactive,Inactive,Inactive,Inactive,Inactive,Inactive,Inactive,Inactive,Inactive,Inactive,Inactive,Inactive,Inactive,Inactive,Inactive,Inactive,Inactive,Inactive,Inactive
2023-03-31,24-262,OKC,IND,L (-4),38:14,11,22,.500,0,2,.000,17,17,1.000,0,9,9,4,1,1,3,6,39,
2023-04-02,24-264,OKC,PHO,L (-10),37:32,11,22,.500,0,0,,17,17,1.000,0,3,3,5,2,0,1,4,39,-6
2023-04-04,24-266,OKC,GSW,L (-11),33:41,11,17,.647,2,4,.500,8,9,.889,1,4,5,7,0,0,3,5,32,-9
2023-04-06,24-268,OKC,UTA,W (+16),37:43,7,19,.368,1,5,.200,7,10,.700,2,5,7,7,1,0,1,3,22,+7
2023-04-09,24-271,OKC,MEM,W (+15),Inactive,Inactive,Inactive,Inactive,Inactive,Inactive,Inactive,Inactive,Inactive,Inactive,Inactive,Inactive,Inactive,Inactive,Inactive,Inactive,Inactive,Inactive,Inactive,Inactive
2023-10-25,25-105,OKC,CHI,W (+20),36:01,12,18,.667,2,5,.400,5,5,1.000,0,5,5,10,1,2,1,0,31,+19
2023-10-27,25-107,OKC,CLE,W (+3),35:57,15,26,.577,2,2,1.000,2,2,1.000,1,10,11,4,5,1,5,2,34,+4
2023-10-29,25-109,OKC,DEN,L (-33),28:19,2,16,.125,0,4,.000,3,4,.750,1,3,4,7,1,0,0,2,7,-22
2023-10-30,25-110,OKC,DET,W (+12),32:52,11,23,.478,1,3,.333,9,9,1.000,1,8,9,4,3,0,5,2,32,+17
2023-11-01,25-112,OKC,NOP,L (-4),38:05,8,20,.400,0,5,.000,4,5,.800,0,5,5,8,3,0,2,2,20,+3
2023-11-03,25-114,OKC,GSW,L (-2),Inactive,Inactive,Inactive,Inactive,Inactive,Inactive,Inactive,Inactive,Inactive,Inactive,Inactive,Inactive,Inactive,Inactive,Inactive,Inactive,Inactive,Inactive,Inactive,Inactive
2023-11-06,25-117,OKC,ATL,W (+9),37:27,11,20,.550,3,7,.429,5,6,.833,1,7,8,6,1,0,2,5,30,+14
2023-11-08,25-119,OKC,CLE,W (+8),37:36,15,22,.682,1,2,.500,12,13,.923,2,5,7,6,2,1,3,3,43,+10
2023-11-10,25-121,OKC,SAC,L (-7),37:41,14,25,.560,0,2,.000,5,6,.833,0,7,7,5,2,2,2,1,33,-3
2023-11-12,25-123,OKC,PHO,W (+12),36:50,13,22,.591,2,5,.400,7,8,.875,0,7,7,4,1,1,1,3,35,+7
2023-11-14,25-125,OKC,SAS,W (+36),28:04,10,16,.625,1,4,.250,7,7,1.000,1,5,6,5,7,0,2,2,28,+25
2023-11-16,25-127,OKC,GSW,W (+19),29:16,6,21,.286,3,7,.429,9,9,1.000,1,1,2,7,3,1,2,4,24,+12
2023-11-18,25-129,OKC,GSW,W (+7),40:41,18,29,.621,2,3,.667,2,2,1.000,1,6,7,6,2,2,3,1,40,+7
2023-11-19,25-130,OKC,POR,W (+43),22:31,10,13,.769,1,1,1.000,7,7,1.000,0,3,3,4,1,0,3,2,28,+26
2023-11-22,25-133,OKC,CHI,W (+14),36:43,11,19,.579,1,3,.333,17,18,.944,1,4,5,12,1,3,2,2,40,+16
2023-11-25,25-136,OKC,PHI,L (-4),36:11,10,21,.476,1,2,.500,10,10,1.000,3,3,6,5,2,0,1,3,31,+1
2023-11-28,25-139,OKC,MIN,L (-3),33:59,13,22,.591,0,1,.000,6,6,1.000,1,3,4,4,3,2,3,2,32,+4
2023-11-30,25-141,OKC,LAL,W (+23),34:56,11,18,.611,1,4,.250,10,10,1.000,0,4,4,7,1,0,0,4,33,+15
2023-12-02,25-143,OKC,DAL,W (+6),38:33,6,13,.462,2,3,.667,3,4,.750,1,2,3,9,5,1,2,4,17,+8
2023-12-06,25-147,OKC,HOU,L (-9),36:58,13,18,.722,0,0,,7,9,.778,0,3,3,6,6,1,2,4,33,-6
2023-12-08,25-149,OKC,GSW,W (+2),42:20,15,30,.500,0,3,.000,8,11,.727,3,2,5,5,5,1,0,4,38,+11
2023-12-11,25-152,OKC,UTA,W (+14),27:57,12,17,.706,0,1,.000,6,6,1.000,1,3,4,7,3,0,1,1,30,+35
2023-12-14,25-155,OKC,SAC,L (-5),38:12,13,27,.481,1,5,.200,16,18,.889,2,4,6,9,2,0,3,2,43,+3
2023-12-16,25-157,OKC,DEN,W (+1),36:55,9,20,.450,0,2,.000,7,8,.875,0,6,6,8,2,0,2,1,25,+3
2023-12-18,25-159,OKC,MEM,W (+19),28:24,8,18,.444,1,3,.333,13,14,.929,0,9,9,5,4,0,2,4,30,+30
2023-12-21,25-162,OKC,LAC,W (+19),32:08,11,25,.440,1,6,.167,8,9,.889,2,6,8,4,4,2,1,0,31,+9
2023-12-23,25-164,OKC,LAL,L (-9),38:15,12,21,.571,1,5,.200,9,10,.900,1,4,5,7,3,0,3,2,34,-6
2023-12-26,25-167,OKC,MIN,W (+23),33:26,14,19,.737,0,3,.000,6,7,.857,0,6,6,9,2,1,3,3,34,+16
2023-12-27,25-168,OKC,NYK,W (+9),36:22,13,23,.565,2,5,.400,8,9,.889,1,6,7,8,2,2,1,0,36,+12
2023-12-29,25-170,OKC,DEN,W (+26),33:23,14,20,.700,2,3,.667,10,10,1.000,0,4,4,3,2,1,1,3,40,+21
2023-12-31,25-172,OKC,BRK,W (+16),34:46,7,15,.467,1,2,.500,9,9,1.000,0,4,4,6,0,0,1,2,24,+9
2024-01-02,25-174,OKC,BOS,W (+4),36:38,14,22,.636,3,5,.600,5,8,.625,0,6,6,7,1,0,0,5,36,+3
2024-01-03,25-175,OKC,ATL,L (-3),35:24,11,24,.458,2,3,.667,9,11,.818,1,12,13,8,0,0,2,2,33,+2
2024-01-05,25-177,OKC,BRK,L (-9),35:44,11,19,.579,2,5,.400,10,15,.667,1,8,9,6,0,0,2,5,34,-10
2024-01-08,25-180,OKC,WAS,W (+8),35:42,11,17,.647,2,3,.667,8,10,.800,1,5,6,5,3,1,3,5,32,+3
2024-01-10,25-182,OKC,MIA,W (+8),34:10,11,17,.647,2,5,.400,4,5,.800,0,2,2,8,1,1,3,3,28,-3
2024-01-11,25-183,OKC,POR,W (+62),21:07,11,15,.733,1,3,.333,8,8,1.000,1,4,5,4,0,1,2,2,31,+41
2024-01-13,25-185,OKC,ORL,W (+12),35:57,13,20,.650,0,4,.000,11,12,.917,2,4,6,7,3,1,0,2,37,+14
2024-01-15,25-187,OKC,LAL,L (-7),34:18,9,19,.474,1,6,.167,5,5,1.000,0,3,3,6,1,1,3,3,24,-12
2024-01-16,25-188,OKC,LAC,L (-11),33:44,6,16,.375,0,3,.000,7,8,.875,1,1,2,4,0,2,2,4,19,-19
2024-01-18,25-190,OKC,UTA,W (+5),34:41,8,15,.533,0,1,.000,15,17,.882,1,5,6,6,1,1,4,4,31,-1
2024-01-20,25-192,OKC,MIN,W (+5),37:10,10,22,.455,1,2,.500,12,13,.923,1,1,2,6,2,0,2,0,33,+14
2024-01-23,25-195,OKC,POR,W (+2),35:05,10,24,.417,0,3,.000,13,17,.765,2,4,6,10,5,0,3,3,33,+17
2024-01-24,25-196,OKC,SAS,W (+26),29:28,9,15,.600,2,2,1.000,12,12,1.000,2,4,6,10,2,1,4,3,32,+20
2024-01-26,25-198,OKC,NOP,W (+24),31:32,10,21,.476,3,8,.375,8,9,.889,0,4,4,5,2,1,4,0,31,+12
2024-01-28,25-200,OKC,DET,L (-16),29:14,13,20,.650,1,1,1.000,4,5,.800,3,2,5,4,1,0,3,3,31,-6
2024-01-29,25-201,OKC,MIN,L (-6),38:54,10,18,.556,2,3,.667,15,16,.938,2,5,7,8,2,0,4,2,37,+5
2024-01-31,25-203,OKC,DEN,W (+5),35:33,10,22,.455,2,3,.667,12,13,.923,1,6,7,5,1,2,2,4,34,-1
2024-02-02,25-205,OKC,CHO,W (+20),29:53,11,15,.733,1,1,1.000,8,10,.800,0,3,3,9,5,3,3,2,31,+34
